id_cliente,uf,municipio,segmento_cliente,natureza_juridica,fonte_cliente,cnae_codigo,cnae_descricao,capital_social,idade_cnpj,serasa_contagem_negativacoes,serasa_contagem_protestos,serasa_credores,serasa_socio_tem_negativacao,ifood_contagem_avaliacoes,ifood_faixa_preco,google_maps_avaliacao,google_maps_contagem_avaliacoes,google_maps_tem_website,inadimplente,tem_google_maps,tem_ifood,tem_credores
5649308221613,PE,RECIFE,Restaurante Brasileiro,230-5 - Empresa Individual de Responsabilidade Limitada (de Natureza Empresária),Fonte 5,56.11-2-01,Restaurantes e similares,150000.0,16500.0,0.0,0.0,0,0.0,350.0,$$$$$,4.25,1750.0,1.0,0.0,1,1,0
5728626180269,PE,RECIFE,Padaria,230-5 - Empresa Individual de Responsabilidade Limitada (de Natureza Empresária),Fonte 5,10.91-1-02,Fabricação de produtos de padaria e confeitaria com predominância de produção própria,85000.0,16500.0,0.0,0.0,0,0.0,0.0,0,0.0,0.0,0.0,0.0,0,0,0
5740206260397,PE,JABOATAO DOS GUARARAPES,Conveniência,206-2 - Sociedade Empresária Limitada,Fonte 5,46.13-3-00,"Representantes comerciais e agentes do comércio de madeira, material de construção e ferragens",9000.0,6500.0,0.0,0.0,0,0.0,0.0,0,0.0,0.0,0.0,0.0,0,0,0
5741028343981,PE,FERNANDO DE NORONHA,Hotel,206-2 - Sociedade Empresária Limitada,Fonte 5,55.10-8-01,Hotéis,9000.0,6500.0,0.0,0.0,0,0.0,0.0,0,0.0,0.0,0.0,0.0,0,0,0
5741479985325,PE,RECIFE,Churrascaria,206-2 - Sociedade Empresária Limitada,Fonte 5,56.11-2-01,Restaurantes e similares,600000.0,16500.0,0.0,0.0,0,0.0,75.0,$,4.25,40.0,1.0,0.0,1,1,0
5741496172717,PE,RECIFE,Doces & Confeitaria,206-2 - Sociedade Empresária Limitada,Fonte 5,10.91-1-02,Fabricação de produtos de padaria e confeitaria com predominância de produção própria,5500000.0,16500.0,0.0,0.0,0,0.0,7.5,$$$$,4.25,250.0,1.0,0.0,1,1,0
5741537853613,PE,RECIFE,Japonês & Chinês & Asiático,206-2 - Sociedade Empresária Limitada,Fonte 5,56.11-2-03,"Lanchonetes, casas de chá, de sucos e similares",12500.0,16500.0,6.0,0.0,Tecnologia,0.0,350.0,$$$$$,4.75,75.0,1.0,0.0,1,1,1
5745395171501,PE,OLINDA,Mercearia & Mercado,213-5 - Empresário (Individual),Fonte 5,47.12-1-00,"Comércio varejista de mercadorias em geral, com predominância de produtos alimentícios - minimercados, mercearias e armazéns",25000.0,6500.0,0.0,0.0,0,0.0,0.0,0,4.25,150.0,1.0,0.0,1,0,0
5745702568109,PE,CAMARAGIBE,Office - Escolas & Escritórios & Consultórios & Associações,206-2 - Sociedade Empresária Limitada,Fonte 5,43.99-1-03,Obras de alvenaria,600000.0,16500.0,0.0,1.0,0,0.0,0.0,0,0.0,0.0,0.0,1.0,0,0,0
5750404874413,PE,RECIFE,Mercearia & Mercado,206-2 - Sociedade Empresária Limitada,Fonte 5,46.91-5-00,"Comércio atacadista de mercadorias em geral, com predominância de produtos alimentícios",600000.0,6500.0,0.0,0.0,0,1.0,0.0,0,0.0,0.0,0.0,0.0,0,0,0
5751712809133,PE,RECIFE,Mercearia & Mercado,213-5 - Empresário (Individual),Fonte 5,47.24-5-00,Comércio varejista de hortifrutigranjeiros,40000.0,6500.0,10.0,0.0,0,1.0,0.0,0,0.0,0.0,0.0,0.0,0,0,0
5755383087277,PE,RECIFE,Padaria,206-2 - Sociedade Empresária Limitada,Fonte 5,10.91-1-02,Fabricação de produtos de padaria e confeitaria com predominância de produção própria,85000.0,6500.0,1.0,0.0,Tecnologia e Pagamentos,0.0,0.0,0,4.25,625.0,1.0,0.0,1,0,1
5758190289069,PE,RECIFE,Cafeteria,206-2 - Sociedade Empresária Limitada,Fonte 5,56.11-2-03,"Lanchonetes, casas de chá, de sucos e similares",40000.0,6500.0,0.0,0.0,0,0.0,0.0,$,4.75,75.0,1.0,0.0,1,1,0
5759742148781,PE,RECIFE,Restaurante Brasileiro,206-2 - Sociedade Empresária Limitada,Fonte 5,56.11-2-01,Restaurantes e similares,17500.0,6500.0,4.0,2.0,Telecomunicações,0.0,0.0,0,0.0,0.0,0.0,0.0,0,0,1
5761483341997,PE,RECIFE,Padaria,230-5 - Empresa Individual de Responsabilidade Limitada (de Natureza Empresária),Fonte 5,10.91-1-01,Fabricação de produtos de panificação industrial,85000.0,4500.0,2.0,0.0,0,1.0,150.0,$$,0.0,0.0,0.0,0.0,0,1,0
5763244490925,PE,RECIFE,Japonês & Chinês & Asiático,206-2 - Sociedade Empresária Limitada,Fonte 5,56.11-2-01,Restaurantes e similares,150000.0,16500.0,0.0,0.0,0,0.0,0.0,0,4.75,3750.0,1.0,0.0,1,0,0
5774315552941,PE,RECIFE,Restaurante Brasileiro,230-5 - Empresa Individual de Responsabilidade Limitada (de Natureza Empresária),Fonte 5,56.11-2-01,Restaurantes e similares,85000.0,16500.0,0.0,0.0,0,0.0,40.0,$$$$,4.25,250.0,1.0,0.0,1,1,0
5774738620589,PE,RECIFE,Japonês & Chinês & Asiático,206-2 - Sociedade Empresária Limitada,Fonte 5,56.11-2-01,Restaurantes e similares,17500.0,16500.0,1.0,3.0,0,0.0,350.0,$$$$$,0.0,0.0,0.0,0.0,0,1,0
5780193214637,PE,RECIFE,Doces & Confeitaria,213-5 - Empresário (Individual),Fonte 5,56.11-2-03,"Lanchonetes, casas de chá, de sucos e similares",150000.0,16500.0,0.0,0.0,0,0.0,150.0,$$$$$,4.25,150.0,1.0,0.0,1,1,0
5783618650285,PE,RECIFE,Restaurante Brasileiro,213-5 - Empresário (Individual),Fonte 5,56.11-2-01,Restaurantes e similares,85000.0,6500.0,1.0,0.0,Energia,0.0,0.0,$,0.0,0.0,0.0,0.0,0,1,1
5784788140205,PE,RECIFE,Padaria,213-5 - Empresário (Individual),Fonte 5,47.21-1-02,Padaria e confeitaria com predominância de revenda,600.0,16500.0,0.0,0.0,0,0.0,0.0,0,0.0,0.0,0.0,0.0,0,0,0
5785204981933,PE,RECIFE,Padaria,206-2 - Sociedade Empresária Limitada,Fonte 5,10.91-1-02,Fabricação de produtos de padaria e confeitaria com predominância de produção própria,4000.0,16500.0,0.0,1.0,0,1.0,0.0,0,0.0,0.0,0.0,0.0,0,0,0
5786529136813,PE,RECIFE,Restaurante Brasileiro,206-2 - Sociedade Empresária Limitada,Fonte 5,56.11-2-03,"Lanchonetes, casas de chá, de sucos e similares",9000.0,6500.0,4.0,0.0,0,1.0,40.0,$$$,4.25,400.0,1.0,0.0,1,1,0
5790229463213,PE,JABOATAO DOS GUARARAPES,Hambúrguer,230-5 - Empresa Individual de Responsabilidade Limitada (de Natureza Empresária),Fonte 4,56.11-2-03,"Lanchonetes, casas de chá, de sucos e similares",150000.0,6500.0,1.0,0.0,0,1.0,0.0,0,0.0,0.0,0.0,0.0,0,0,0
5798031917229,PE,RECIFE,Restaurante Brasileiro,206-2 - Sociedade Empresária Limitada,Fonte 5,56.11-2-01,Restaurantes e similares,85000.0,16500.0,0.0,0.0,0,0.0,0.0,0,3.5,150.0,1.0,0.0,1,0,0
5798103023789,PE,RECIFE,Lanches & Salgados,230-5 - Empresa Individual de Responsabilidade Limitada (de Natureza Empresária),Fonte 5,56.11-2-03,"Lanchonetes, casas de chá, de sucos e similares",85000.0,16500.0,0.0,0.0,0,1.0,2.5,$,0.0,0.0,0.0,0.0,0,1,0
5799764689069,PE,RECIFE,Padaria,206-2 - Sociedade Empresária Limitada,Fonte 5,10.91-1-02,Fabricação de produtos de padaria e confeitaria com predominância de produção própria,40000.0,16500.0,0.0,0.0,0,0.0,0.0,$,4.75,3750.0,1.0,0.0,1,1,0
5801890709677,PE,RECIFE,Padaria,206-2 - Sociedade Empresária Limitada,Fonte 5,10.91-1-01,Fabricação de produtos de panificação industrial,60000.0,16500.0,0.0,0.0,0,0.0,0.0,$,4.25,875.0,1.0,0.0,1,1,0
5806617165997,PE,RECIFE,Restaurante Brasileiro,206-2 - Sociedade Empresária Limitada,Fonte 5,56.11-2-01,Restaurantes e similares,12500.0,16500.0,0.0,0.0,0,0.0,0.0,0,4.25,625.0,1.0,0.0,1,0,0
5812739899565,PE,RECIFE,Mercearia & Mercado,213-5 - Empresário (Individual),Fonte 5,47.21-1-03,Comércio varejista de laticínios e frios,9000.0,6500.0,0.0,0.0,0,0.0,0.0,0,0.0,0.0,0.0,0.0,0,0,0
5812869038253,PE,OLINDA,Padaria,213-5 - Empresário (Individual),Fonte 5,10.91-1-02,Fabricação de produtos de padaria e confeitaria com predominância de produção própria,12500.0,16500.0,0.0,0.0,0,0.0,0.0,0,0.0,0.0,0.0,0.0,0,0,0
5813004370093,PE,RECIFE,Restaurante Brasileiro,213-5 - Empresário (Individual),Fonte 5,56.11-2-01,Restaurantes e similares,9000.0,6500.0,0.0,0.0,0,1.0,0.0,0,0.0,0.0,0.0,1.0,0,0,0
5818513227949,PE,RECIFE,Padaria,206-2 - Sociedade Empresária Limitada,Fonte 5,10.91-1-01,Fabricação de produtos de panificação industrial,17500.0,16500.0,0.0,0.0,0,0.0,0.0,0,4.25,625.0,1.0,0.0,1,0,0
5820636561581,PE,RECIFE,Padaria,230-5 - Empresa Individual de Responsabilidade Limitada (de Natureza Empresária),Fonte 5,10.91-1-01,Fabricação de produtos de panificação industrial,85000.0,6500.0,0.0,0.0,0,0.0,0.0,0,0.0,0.0,0.0,0.0,0,0,0
5825530233005,PE,JABOATAO DOS GUARARAPES,Hotel,206-2 - Sociedade Empresária Limitada,Fonte 5,55.10-8-01,Hotéis,600000.0,16500.0,0.0,0.0,0,1.0,0.0,0,4.25,1750.0,1.0,0.0,1,0,0
5827371270317,PE,RECIFE,Mercearia & Mercado,213-5 - Empresário (Individual),Fonte 5,47.12-1-00,"Comércio varejista de mercadorias em geral, com predominância de produtos alimentícios - minimercados, mercearias e armazéns",60000.0,6500.0,0.0,0.0,0,0.0,0.0,0,0.0,0.0,0.0,0.0,0,0,0
5831418118317,PE,RECIFE,Padaria,230-5 - Empresa Individual de Responsabilidade Limitada (de Natureza Empresária),Fonte 5,10.91-1-02,Fabricação de produtos de padaria e confeitaria com predominância de produção própria,150000.0,16500.0,0.0,0.0,0,1.0,0.0,0,4.75,1750.0,1.0,0.0,1,0,0
5832302002349,PE,RECIFE,Bar,206-2 - Sociedade Empresária Limitada,Fonte 5,56.11-2-01,Restaurantes e similares,40000.0,6500.0,0.0,0.0,0,0.0,2.5,$$$$$,4.25,1750.0,1.0,0.0,1,1,0
5833998434477,PE,RECIFE,Restaurante Brasileiro,206-2 - Sociedade Empresária Limitada,Fonte 5,56.11-2-01,Restaurantes e similares,9000.0,16500.0,0.0,0.0,0,0.0,350.0,$$$$,4.25,400.0,1.0,0.0,1,1,0
5834091430061,PE,RECIFE,Saudável,206-2 - Sociedade Empresária Limitada,Fonte 5,56.11-2-01,Restaurantes e similares,60000.0,6500.0,0.0,0.0,0,0.0,1250.0,$$$$,4.75,1750.0,1.0,0.0,1,1,0
5834180722861,PE,RECIFE,Conveniência,230-5 - Empresa Individual de Responsabilidade Limitada (de Natureza Empresária),Fonte 2,56.11-2-01,Restaurantes e similares,85000.0,6500.0,0.0,0.0,0,1.0,40.0,$$$,4.25,250.0,1.0,0.0,1,1,0
5843535397037,PE,RECIFE,Churrascaria,206-2 - Sociedade Empresária Limitada,Fonte 5,56.11-2-01,Restaurantes e similares,25000.0,6500.0,0.0,0.0,0,1.0,350.0,$$,4.25,7500.0,1.0,0.0,1,1,0
5843674824877,PE,RECIFE,Restaurante Brasileiro,230-5 - Empresa Individual de Responsabilidade Limitada (de Natureza Empresária),Fonte 5,56.11-2-01,Restaurantes e similares,85000.0,6500.0,2.0,0.0,Diversos,0.0,0.0,0,4.25,1750.0,1.0,0.0,1,0,1
5844887863469,PE,JABOATAO DOS GUARARAPES,Hambúrguer,213-5 - Empresário (Individual),Fonte 5,56.11-2-03,"Lanchonetes, casas de chá, de sucos e similares",25000.0,6500.0,1.0,0.0,Financeiro,1.0,0.0,$,4.25,40.0,1.0,0.0,1,1,1
5847486824621,PE,PAULISTA,Pizza & Massas,206-2 - Sociedade Empresária Limitada,Fonte 5,56.11-2-01,Restaurantes e similares,9000.0,6500.0,0.0,0.0,0,0.0,75.0,$,0.0,0.0,0.0,0.0,0,1,0
5847815291053,PE,RECIFE,Japonês & Chinês & Asiático,230-5 - Empresa Individual de Responsabilidade Limitada (de Natureza Empresária),Fonte 5,56.11-2-01,Restaurantes e similares,150000.0,6500.0,1.0,0.0,0,0.0,25.0,$$$,4.25,625.0,1.0,0.0,1,1,0
5851605401773,PE,IPOJUCA,Restaurante Brasileiro,206-2 - Sociedade Empresária Limitada,Fonte 5,56.11-2-01,Restaurantes e similares,150000.0,1025.0,0.0,0.0,0,0.0,0.0,0,2.5,2.5,1.0,0.0,1,0,0
5852461891757,PE,IPOJUCA,Hotel,206-2 - Sociedade Empresária Limitada,Fonte 2,55.90-6-99,Outros alojamentos não especificados anteriormente,9000.0,6500.0,0.0,0.0,0,1.0,0.0,0,2.5,2.5,1.0,0.0,1,0,0
5860873732269,PE,RECIFE,Hotel,206-2 - Sociedade Empresária Limitada,Fonte 5,55.10-8-01,Hotéis,25000.0,6500.0,0.0,0.0,0,0.0,0.0,0,3.5,400.0,1.0,0.0,1,0,0
5860885233837,PE,RECIFE,Bar,206-2 - Sociedade Empresária Limitada,Fonte 5,56.11-2-03,"Lanchonetes, casas de chá, de sucos e similares",12500.0,16500.0,0.0,0.0,0,0.0,0.0,0,0.0,0.0,0.0,0.0,0,0,0
5861054218413,PE,PAULISTA,Mercearia & Mercado,213-5 - Empresário (Individual),Fonte 5,47.12-1-00,"Comércio varejista de mercadorias em geral, com predominância de produtos alimentícios - minimercados, mercearias e armazéns",25000.0,6500.0,0.0,0.0,0,0.0,0.0,0,3.5,150.0,1.0,0.0,1,0,0
5861845434541,PE,RECIFE,Padaria,206-2 - Sociedade Empresária Limitada,Fonte 5,47.21-1-02,Padaria e confeitaria com predominância de revenda,17500.0,6500.0,0.0,0.0,0,0.0,0.0,0,4.25,150.0,1.0,0.0,1,0,0
5864053571757,PE,RECIFE,Padaria,213-5 - Empresário (Individual),Fonte 5,56.20-1-04,Fornecimento de alimentos preparados preponderantemente para consumo domiciliar,9000.0,6500.0,3.0,0.0,"Financeiro, Bancos e Financeiro, Financeiro",1.0,15.0,$,0.0,0.0,0.0,1.0,0,1,1
5864371781805,PE,RECIFE,Restaurante Brasileiro,206-2 - Sociedade Empresária Limitada,Fonte 5,56.11-2-01,Restaurantes e similares,40000.0,6500.0,2.0,0.0,0,1.0,150.0,$$,0.0,0.0,0.0,0.0,0,1,0
5865020227757,PE,PAULISTA,Padaria,213-5 - Empresário (Individual),Fonte 4,10.91-1-01,Fabricação de produtos de panificação industrial,9000.0,16500.0,0.0,0.0,0,1.0,0.0,0,0.0,0.0,0.0,0.0,0,0,0
5865063841965,PE,RECIFE,Padaria,206-2 - Sociedade Empresária Limitada,Fonte 5,10.91-1-02,Fabricação de produtos de padaria e confeitaria com predominância de produção própria,25000.0,16500.0,0.0,0.0,0,0.0,0.0,0,4.25,150.0,1.0,0.0,1,0,0
5865126756525,PE,IPOJUCA,Bar,213-5 - Empresário (Individual),Fonte 5,47.23-7-00,Comércio varejista de bebidas,4000.0,16500.0,3.0,7.0,Distribuição,1.0,0.0,0,4.25,150.0,1.0,0.0,1,0,1
5865251143853,PE,RECIFE,Bar,213-5 - Empresário (Individual),Fonte 5,47.12-1-00,"Comércio varejista de mercadorias em geral, com predominância de produtos alimentícios - minimercados, mercearias e armazéns",40000.0,6500.0,1.0,0.0,Financeiro,1.0,0.0,0,0.0,0.0,0.0,0.0,0,0,1
5873137385645,PE,RECIFE,Restaurante Brasileiro,206-2 - Sociedade Empresária Limitada,Fonte 5,56.11-2-01,Restaurantes e similares,150000.0,16500.0,0.0,0.0,0,0.0,0.0,0,4.25,625.0,1.0,0.0,1,0,0
5874588287149,PE,RECIFE,Doces & Confeitaria,230-5 - Empresa Individual de Responsabilidade Limitada (de Natureza Empresária),Fonte 5,56.11-2-03,"Lanchonetes, casas de chá, de sucos e similares",150000.0,6500.0,0.0,0.0,0,0.0,0.0,0,0.0,0.0,0.0,0.0,0,0,0
5874602737837,PE,RECIFE,Padaria,206-2 - Sociedade Empresária Limitada,Fonte 5,47.21-1-02,Padaria e confeitaria com predominância de revenda,85000.0,16500.0,0.0,0.0,0,1.0,0.0,0,0.0,0.0,0.0,0.0,0,0,0
5875250528429,PE,RECIFE,Pizza & Massas,206-2 - Sociedade Empresária Limitada,Fonte 5,56.11-2-03,"Lanchonetes, casas de chá, de sucos e similares",600000.0,6500.0,0.0,0.0,0,0.0,0.0,0,4.25,3750.0,1.0,0.0,1,0,0
5877234303149,PE,RECIFE,Hotel,205-4 - Sociedade Anônima Fechada,Fonte 5,55.10-8-01,Hotéis,5500000.0,16500.0,0.0,0.0,0,1.0,0.0,0,0.0,0.0,0.0,0.0,0,0,0
5877238235309,PE,IPOJUCA,Hotel,206-2 - Sociedade Empresária Limitada,Fonte 5,55.10-8-01,Hotéis,150000.0,6500.0,0.0,0.0,0,1.0,0.0,0,2.5,2.5,1.0,0.0,1,0,0
5877523972269,PE,PAULISTA,Restaurante Brasileiro,206-2 - Sociedade Empresária Limitada,Fonte 1,56.11-2-01,Restaurantes e similares,9000.0,6500.0,0.0,0.0,0,0.0,150.0,$,0.0,0.0,0.0,0.0,0,1,0
5877542125741,PE,RECIFE,Restaurante Brasileiro,230-5 - Empresa Individual de Responsabilidade Limitada (de Natureza Empresária),Fonte 5,56.11-2-01,Restaurantes e similares,85000.0,16500.0,0.0,0.0,0,0.0,350.0,$$$$$,4.25,3750.0,1.0,0.0,1,1,0
5888591429805,PE,PAULISTA,Pizza & Massas,230-5 - Empresa Individual de Responsabilidade Limitada (de Natureza Empresária),Fonte 5,56.11-2-01,Restaurantes e similares,85000.0,6500.0,2.0,0.0,Tecnologia,0.0,1250.0,$$$,0.0,0.0,0.0,0.0,0,1,1
5888594346157,PE,RECIFE,Pizza & Massas,230-5 - Empresa Individual de Responsabilidade Limitada (de Natureza Empresária),Fonte 5,56.11-2-01,Restaurantes e similares,85000.0,6500.0,0.0,0.0,0,0.0,350.0,$,3.5,15.0,1.0,0.0,1,1,0
5888833781933,PE,RECIFE,Restaurante Brasileiro,206-2 - Sociedade Empresária Limitada,Fonte 5,56.11-2-01,Restaurantes e similares,25000.0,16500.0,0.0,0.0,0,1.0,350.0,$$$$,0.0,0.0,0.0,0.0,0,1,0
5888882507949,PE,RECIFE,Hotel,206-2 - Sociedade Empresária Limitada,Fonte 5,55.10-8-01,Hotéis,600.0,6500.0,32.0,0.0,0,1.0,0.0,0,0.0,0.0,0.0,0.0,0,0,0
5888941949101,PE,RECIFE,Japonês & Chinês & Asiático,206-2 - Sociedade Empresária Limitada,Fonte 5,56.11-2-03,"Lanchonetes, casas de chá, de sucos e similares",9000.0,16500.0,4.0,0.0,0,1.0,0.0,0,4.25,625.0,1.0,0.0,1,0,0
5890323742893,PE,OLINDA,Padaria,213-5 - Empresário (Individual),Fonte 5,10.91-1-02,Fabricação de produtos de padaria e confeitaria com predominância de produção própria,40000.0,6500.0,0.0,0.0,0,1.0,0.0,0,4.25,75.0,1.0,0.0,1,0,0
5892204167341,PE,RECIFE,Restaurante Brasileiro,206-2 - Sociedade Empresária Limitada,Fonte 5,47.22-9-02,Peixaria,100.5,6500.0,1.0,0.0,Distribuição,0.0,0.0,0,0.0,0.0,0.0,0.0,0,0,1
5892513661101,PE,RECIFE,Padaria,206-2 - Sociedade Empresária Limitada,Fonte 5,10.91-1-02,Fabricação de produtos de padaria e confeitaria com predominância de produção própria,85000.0,6500.0,0.0,0.0,0,1.0,0.0,0,4.25,400.0,1.0,0.0,1,0,0
5892583063725,PE,RECIFE,Restaurante Brasileiro,206-2 - Sociedade Empresária Limitada,Fonte 5,47.21-1-03,Comércio varejista de laticínios e frios,9000.0,6500.0,19.0,0.0,Alimentos e Bebidas,1.0,0.0,$$,0.0,0.0,0.0,0.0,0,1,1
5893380178093,PE,RECIFE,Restaurante Brasileiro,206-2 - Sociedade Empresária Limitada,Fonte 5,56.11-2-01,Restaurantes e similares,25000.0,6500.0,0.0,0.0,0,0.0,0.0,0,0.0,0.0,0.0,0.0,0,0,0
5893420056749,PE,RECIFE,Restaurante Brasileiro,206-2 - Sociedade Empresária Limitada,Fonte 5,56.11-2-04,"Bares e outros estabelecimentos especializados em servir bebidas, sem entretenimento",9000.0,6500.0,1.0,0.0,0,0.0,75.0,$$$$$,0.0,0.0,0.0,0.0,0,1,0
5893467635885,PE,RECIFE,Restaurante Brasileiro,206-2 - Sociedade Empresária Limitada,Fonte 5,56.11-2-01,Restaurantes e similares,12500.0,16500.0,0.0,0.0,0,0.0,0.0,0,4.75,3750.0,1.0,0.0,1,0,0
5893593235629,PE,JABOATAO DOS GUARARAPES,Japonês & Chinês & Asiático,230-5 - Empresa Individual de Responsabilidade Limitada (de Natureza Empresária),Fonte 5,56.11-2-01,Restaurantes e similares,150000.0,16500.0,0.0,0.0,0,1.0,750.0,$$$$,4.25,1750.0,1.0,0.0,1,1,0
5894711738541,CE,FORTALEZA,Restaurante Brasileiro,213-5 - Empresário (Individual),Fonte 5,56.11-2-01,Restaurantes e similares,9000.0,6500.0,0.0,0.0,0,0.0,0.0,0,0.0,0.0,0.0,0.0,0,0,0
5896797159597,PE,JABOATAO DOS GUARARAPES,Distribuidor,230-5 - Empresa Individual de Responsabilidade Limitada (de Natureza Empresária),Fonte 2,46.91-5-00,"Comércio atacadista de mercadorias em geral, com predominância de produtos alimentícios",150000.0,4500.0,0.0,0.0,0,0.0,0.0,0,0.0,0.0,0.0,0.0,0,0,0
5897415229613,PE,OLINDA,Restaurante Brasileiro,206-2 - Sociedade Empresária Limitada,Fonte 5,56.11-2-01,Restaurantes e similares,17500.0,6500.0,0.0,0.0,0,1.0,0.0,0,4.25,75.0,1.0,0.0,1,0,0
5899570348205,PE,RECIFE,Cafeteria,213-5 - Empresário (Individual),Fonte 5,56.11-2-03,"Lanchonetes, casas de chá, de sucos e similares",17500.0,6500.0,0.0,0.0,0,0.0,25.0,$,4.25,40.0,1.0,0.0,1,1,0
5900863406253,PE,JABOATAO DOS GUARARAPES,Padaria,213-5 - Empresário (Individual),Fonte 5,47.21-1-02,Padaria e confeitaria com predominância de revenda,85000.0,6500.0,0.0,0.0,0,0.0,0.0,0,0.0,0.0,0.0,0.0,0,0,0
5900953878701,PE,OLINDA,Padaria,213-5 - Empresário (Individual),Fonte 5,10.91-1-02,Fabricação de produtos de padaria e confeitaria com predominância de produção própria,12500.0,16500.0,0.0,0.0,0,0.0,0.0,0,0.0,0.0,0.0,0.0,0,0,0
5902145290413,PE,RECIFE,Hambúrguer,206-2 - Sociedade Empresária Limitada,Fonte 5,56.11-2-03,"Lanchonetes, casas de chá, de sucos e similares",40000.0,16500.0,2.0,1.0,Bancos e Financeiro,1.0,0.0,0,4.25,1750.0,1.0,0.0,1,0,1
5903969812653,PE,RECIFE,Saudável,206-2 - Sociedade Empresária Limitada,Fonte 5,56.11-2-01,Restaurantes e similares,85000.0,4500.0,3.0,0.0,0,0.0,750.0,$$$$,4.75,1750.0,1.0,0.0,1,1,0
5903977283757,PE,RECIFE,Restaurante Brasileiro,206-2 - Sociedade Empresária Limitada,Fonte 5,56.11-2-01,Restaurantes e similares,85000.0,6500.0,2.0,0.0,Telecomunicações,1.0,350.0,$$$$,4.25,1750.0,1.0,0.0,1,1,1
5905261232301,PE,OLINDA,Lanches & Salgados,206-2 - Sociedade Empresária Limitada,Fonte 5,10.91-1-02,Fabricação de produtos de padaria e confeitaria com predominância de produção própria,17500.0,16500.0,0.0,0.0,0,0.0,0.0,0,4.25,150.0,1.0,0.0,1,0,0
5909284454573,PE,RECIFE,Restaurante Brasileiro,206-2 - Sociedade Empresária Limitada,Fonte 5,56.11-2-01,Restaurantes e similares,85000.0,1025.0,1.0,0.0,Impressão e Gráficas,0.0,0.0,0,0.0,0.0,0.0,0.0,0,0,1
5909448392877,PE,OLINDA,Pizza & Massas,206-2 - Sociedade Empresária Limitada,Fonte 5,56.11-2-01,Restaurantes e similares,25000.0,6500.0,0.0,0.0,0,1.0,7.5,$,0.0,0.0,0.0,0.0,0,1,0
5909518057645,PE,RECIFE,Pizza & Massas,206-2 - Sociedade Empresária Limitada,Fonte 5,56.11-2-01,Restaurantes e similares,25000.0,6500.0,0.0,0.0,0,1.0,150.0,$$$$$,0.0,0.0,0.0,0.0,0,1,0
5909532901549,PE,RECIFE,Mercearia & Mercado,206-2 - Sociedade Empresária Limitada,Fonte 5,47.12-1-00,"Comércio varejista de mercadorias em geral, com predominância de produtos alimentícios - minimercados, mercearias e armazéns",40000.0,16500.0,126.0,0.0,0,1.0,0.0,0,0.0,0.0,0.0,0.0,0,0,0
5910593732781,PE,RECIFE,Japonês & Chinês & Asiático,230-5 - Empresa Individual de Responsabilidade Limitada (de Natureza Empresária),Fonte 5,56.11-2-01,Restaurantes e similares,85000.0,6500.0,0.0,0.0,0,0.0,75.0,$$$,4.25,400.0,1.0,0.0,1,1,0
5911719149741,PE,OLINDA,Restaurante Brasileiro,206-2 - Sociedade Empresária Limitada,Fonte 5,56.11-2-01,Restaurantes e similares,17500.0,6500.0,0.0,0.0,0,0.0,350.0,$$$,4.25,625.0,1.0,0.0,1,1,0
5911790518445,PE,OLINDA,Hotel,230-5 - Empresa Individual de Responsabilidade Limitada (de Natureza Empresária),Fonte 5,55.10-8-01,Hotéis,85000.0,6500.0,0.0,0.0,0,0.0,0.0,0,0.0,0.0,0.0,0.0,0,0,0
5912647434413,PE,OLINDA,Lanches & Salgados,230-5 - Empresa Individual de Responsabilidade Limitada (de Natureza Empresária),Fonte 5,93.29-8-99,Outras atividades de recreação e lazer não especificadas anteriormente,85000.0,6500.0,14.0,0.0,0,1.0,0.0,0,4.75,2.5,1.0,0.0,1,0,0
5913301287085,PE,RECIFE,Lanches & Salgados,206-2 - Sociedade Empresária Limitada,Fonte 5,56.11-2-03,"Lanchonetes, casas de chá, de sucos e similares",9000.0,6500.0,2.0,1.0,0,0.0,0.0,$,4.25,400.0,1.0,0.0,1,1,0
5913658032301,PE,IPOJUCA,Hotel,206-2 - Sociedade Empresária Limitada,Fonte 5,55.10-8-01,Hotéis,25000.0,6500.0,0.0,0.0,0,0.0,0.0,0,2.5,2.5,1.0,0.0,1,0,0
5917206610093,PE,RECIFE,Mercearia & Mercado,206-2 - Sociedade Empresária Limitada,Fonte 5,47.12-1-00,"Comércio varejista de mercadorias em geral, com predominância de produtos alimentícios - minimercados, mercearias e armazéns",6500.0,16500.0,0.0,0.0,0,0.0,0.0,0,0.0,0.0,0.0,0.0,0,0,0
5917456433325,PE,RECIFE,Bar,206-2 - Sociedade Empresária Limitada,Fonte 5,56.11-2-01,Restaurantes e similares,4000.0,16500.0,2.0,0.0,0,1.0,40.0,$,0.0,0.0,0.0,0.0,0,1,0
5919309332653,PE,RECIFE,Padaria,206-2 - Sociedade Empresária Limitada,Fonte 5,10.91-1-02,Fabricação de produtos de padaria e confeitaria com predominância de produção própria,85000.0,6500.0,0.0,0.0,0,0.0,0.0,0,0.0,0.0,0.0,0.0,0,0,0
5919487656109,PE,RECIFE,Restaurante Brasileiro,230-5 - Empresa Individual de Responsabilidade Limitada (de Natureza Empresária),Fonte 5,56.11-2-01,Restaurantes e similares,85000.0,16500.0,0.0,0.0,0,0.0,0.0,0,4.75,625.0,1.0,0.0,1,0,0
5919554109613,PE,PAULISTA,Mercearia & Mercado,213-5 - Empresário (Individual),Fonte 5,47.12-1-00,"Comércio varejista de mercadorias em geral, com predominância de produtos alimentícios - minimercados, mercearias e armazéns",40000.0,16500.0,0.0,0.0,0,0.0,0.0,0,0.0,0.0,0.0,0.0,0,0,0
5919865864365,PE,SAO LOURENCO DA MATA,Restaurante Brasileiro,206-2 - Sociedade Empresária Limitada,Fonte 5,10.13-9-01,Fabricação de produtos de carne,150000.0,6500.0,0.0,0.0,0,0.0,0.0,0,0.0,0.0,0.0,1.0,0,0,0
5925180080301,PE,PAULISTA,Padaria,230-5 - Empresa Individual de Responsabilidade Limitada (de Natureza Empresária),Fonte 5,10.91-1-02,Fabricação de produtos de padaria e confeitaria com predominância de produção própria,85000.0,6500.0,0.0,0.0,0,1.0,0.0,0,4.75,150.0,1.0,0.0,1,0,0
5926177833133,PE,PAULISTA,Padaria,206-2 - Sociedade Empresária Limitada,Fonte 5,10.91-1-02,Fabricação de produtos de padaria e confeitaria com predominância de produção própria,17500.0,6500.0,0.0,0.0,0,0.0,0.0,0,4.25,400.0,1.0,0.0,1,0,0
5926238912685,PE,OLINDA,Hambúrguer,213-5 - Empresário (Individual),Fonte 5,56.11-2-03,"Lanchonetes, casas de chá, de sucos e similares",25000.0,6500.0,0.0,0.0,0,0.0,150.0,$$$,4.25,400.0,1.0,0.0,1,1,0
5927744307373,PE,RECIFE,Padaria,206-2 - Sociedade Empresária Limitada,Fonte 5,10.91-1-02,Fabricação de produtos de padaria e confeitaria com predominância de produção própria,150000.0,16500.0,0.0,0.0,0,1.0,0.0,0,0.0,0.0,0.0,0.0,0,0,0
5928483946669,PE,PAULISTA,Padaria,230-5 - Empresa Individual de Responsabilidade Limitada (de Natureza Empresária),Fonte 5,47.21-1-02,Padaria e confeitaria com predominância de revenda,150000.0,16500.0,0.0,0.0,0,0.0,0.0,0,0.0,0.0,0.0,0.0,0,0,0
5929679847597,PE,RECIFE,Doces & Confeitaria,206-2 - Sociedade Empresária Limitada,Fonte 5,10.91-1-02,Fabricação de produtos de padaria e confeitaria com predominância de produção própria,9000.0,16500.0,0.0,0.0,0,0.0,0.0,0,0.0,0.0,0.0,0.0,0,0,0
5931548082349,PE,OLINDA,Lanches & Salgados,230-5 - Empresa Individual de Responsabilidade Limitada (de Natureza Empresária),Fonte 5,93.29-8-99,Outras atividades de recreação e lazer não especificadas anteriormente,85000.0,6500.0,14.0,0.0,0,1.0,0.0,0,4.75,2.5,1.0,0.0,1,0,0
5932249481389,PE,RECIFE,Office - Escolas & Escritórios & Consultórios & Associações,206-2 - Sociedade Empresária Limitada,Fonte 5,96.03-3-04,Serviços de funerárias,60000.0,16500.0,0.0,0.0,0,0.0,0.0,0,0.0,0.0,0.0,0.0,0,0,0
5932479250605,PE,PAULISTA,Padaria,206-2 - Sociedade Empresária Limitada,Fonte 5,10.91-1-02,Fabricação de produtos de padaria e confeitaria com predominância de produção própria,25000.0,6500.0,0.0,3.0,0,0.0,0.0,0,4.25,25.0,1.0,0.0,1,0,0
5933599588525,PE,PAULISTA,Padaria,213-5 - Empresário (Individual),Fonte 5,10.91-1-02,Fabricação de produtos de padaria e confeitaria com predominância de produção própria,5500000.0,6500.0,2.0,0.0,Bancos e Financeiro,0.0,0.0,0,4.25,150.0,1.0,0.0,1,0,1
5934836777133,PE,PAULISTA,Doces & Confeitaria,213-5 - Empresário (Individual),Fonte 5,47.12-1-00,"Comércio varejista de mercadorias em geral, com predominância de produtos alimentícios - minimercados, mercearias e armazéns",4000.0,6500.0,0.0,0.0,0,0.0,0.0,0,0.0,0.0,0.0,0.0,0,0,0
5939961364653,PE,RECIFE,Mercearia & Mercado,213-5 - Empresário (Individual),Fonte 4,47.12-1-00,"Comércio varejista de mercadorias em geral, com predominância de produtos alimentícios - minimercados, mercearias e armazéns",17500.0,16500.0,1.0,2.0,Alimentos e Bebidas,1.0,0.0,0,3.5,15.0,1.0,0.0,1,0,1
5940090765485,PE,PAULISTA,Doces & Confeitaria,206-2 - Sociedade Empresária Limitada,Fonte 5,47.21-1-04,"Comércio varejista de doces, balas, bombons e semelhantes",12500.0,6500.0,0.0,0.0,0,0.0,0.0,0,0.0,0.0,0.0,0.0,0,0,0
5941403648173,PE,PAULISTA,Bar,206-2 - Sociedade Empresária Limitada,Fonte 5,56.11-2-01,Restaurantes e similares,40000.0,16500.0,0.0,0.0,0,1.0,2.5,$$$$,0.0,0.0,0.0,0.0,0,1,0
5941488451757,PE,RECIFE,Doces & Confeitaria,206-2 - Sociedade Empresária Limitada,Fonte 5,10.91-1-02,Fabricação de produtos de padaria e confeitaria com predominância de produção própria,17500.0,4500.0,0.0,0.0,0,1.0,0.0,0,4.75,40.0,1.0,0.0,1,0,0
5941491925165,PE,RECIFE,Doces & Confeitaria,206-2 - Sociedade Empresária Limitada,Fonte 5,10.91-1-02,Fabricação de produtos de padaria e confeitaria com predominância de produção própria,17500.0,6500.0,0.0,0.0,0,1.0,0.0,0,4.75,15.0,1.0,0.0,1,0,0
5943607492781,PE,CARPINA,Mercearia & Mercado,213-5 - Empresário (Individual),Fonte 1,47.12-1-00,"Comércio varejista de mercadorias em geral, com predominância de produtos alimentícios - minimercados, mercearias e armazéns",5500000.0,16500.0,0.0,0.0,0,0.0,0.0,0,0.0,0.0,0.0,0.0,0,0,0
5945241895085,PE,RECIFE,Padaria,206-2 - Sociedade Empresária Limitada,Fonte 5,47.12-1-00,"Comércio varejista de mercadorias em geral, com predominância de produtos alimentícios - minimercados, mercearias e armazéns",40000.0,16500.0,8.0,12.0,"Governo, Saúde, Saúde",0.0,0.0,0,4.25,400.0,1.0,1.0,1,0,1
5948999499949,PE,PAULISTA,Distribuidor,213-5 - Empresário (Individual),Fonte 4,47.89-0-99,Comércio varejista de outros produtos não especificados anteriormente,600000.0,6500.0,0.0,0.0,0,1.0,0.0,0,0.0,0.0,0.0,0.0,0,0,0
5950138482861,PE,RECIFE,Lanches & Salgados,206-2 - Sociedade Empresária Limitada,Fonte 5,10.94-5-00,Fabricação de massas alimentícias,1750.0,6500.0,0.0,0.0,0,0.0,0.0,$,0.0,0.0,0.0,0.0,0,1,0
5952056164525,PE,IGARASSU,Restaurante Brasileiro,213-5 - Empresário (Individual),Fonte 5,56.11-2-01,Restaurantes e similares,5500000.0,6500.0,7.0,0.0,Saúde,1.0,0.0,0,4.75,2.5,1.0,0.0,1,0,1
5953972601005,PE,CARPINA,Mercearia & Mercado,213-5 - Empresário (Individual),Fonte 5,47.12-1-00,"Comércio varejista de mercadorias em geral, com predominância de produtos alimentícios - minimercados, mercearias e armazéns",5500000.0,6500.0,0.0,0.0,0,1.0,0.0,0,3.5,250.0,1.0,0.0,1,0,0
5954064482477,PE,RECIFE,Restaurante Brasileiro,206-2 - Sociedade Empresária Limitada,Fonte 5,82.30-0-01,"Serviços de organização de feiras, congressos, exposições e festas",9000.0,6500.0,0.0,0.0,0,1.0,0.0,0,0.0,0.0,0.0,1.0,0,0,0
5958809911469,PE,RECIFE,Mercearia & Mercado,206-2 - Sociedade Empresária Limitada,Fonte 5,47.11-3-02,"Comércio varejista de mercadorias em geral, com predominância de produtos alimentícios - supermercados",150000.0,6500.0,1.0,0.0,Distribuição,1.0,0.0,0,0.0,0.0,0.0,0.0,0,0,1
5958867288237,PE,IPOJUCA,Distribuidor,213-5 - Empresário (Individual),Fonte 5,47.12-1-00,"Comércio varejista de mercadorias em geral, com predominância de produtos alimentícios - minimercados, mercearias e armazéns",85000.0,6500.0,2.0,0.0,Saúde,0.0,0.0,0,0.0,0.0,0.0,0.0,0,0,1
5962216636589,PE,IGARASSU,Padaria,230-5 - Empresa Individual de Responsabilidade Limitada (de Natureza Empresária),Fonte 5,10.91-1-01,Fabricação de produtos de panificação industrial,60000.0,16500.0,0.0,0.0,0,0.0,0.0,0,0.0,0.0,0.0,0.0,0,0,0
5966230159533,CE,FORTALEZA,Restaurante Brasileiro,206-2 - Sociedade Empresária Limitada,Fonte 5,56.20-1-04,Fornecimento de alimentos preparados preponderantemente para consumo domiciliar,600000.0,6500.0,0.0,0.0,0,0.0,0.0,0,0.0,1750.0,1.0,0.0,1,0,0
5974597075117,PE,JABOATAO DOS GUARARAPES,Padaria,206-2 - Sociedade Empresária Limitada,Fonte 5,10.91-1-01,Fabricação de produtos de panificação industrial,25000.0,6500.0,0.0,0.0,0,0.0,0.0,0,4.25,75.0,1.0,0.0,1,0,0
5974662545581,CE,FORTALEZA,Churrascaria,206-2 - Sociedade Empresária Limitada,Fonte 1,56.11-2-01,Restaurantes e similares,85000.0,16500.0,0.0,0.0,0,0.0,2.5,$,0.0,7500.0,1.0,0.0,1,1,0
5975395565741,CE,FORTALEZA,Restaurante Brasileiro,206-2 - Sociedade Empresária Limitada,Fonte 5,56.11-2-01,Restaurantes e similares,17500.0,16500.0,0.0,0.0,0,1.0,25.0,$,0.0,400.0,1.0,0.0,1,1,0
5975483842733,CE,FORTALEZA,Restaurante Brasileiro,206-2 - Sociedade Empresária Limitada,Fonte 5,56.11-2-01,Restaurantes e similares,85000.0,6500.0,0.0,0.0,0,1.0,0.0,$,0.0,0.0,0.0,0.0,0,1,0
5975648141485,CE,FORTALEZA,Churrascaria,206-2 - Sociedade Empresária Limitada,Fonte 5,56.11-2-01,Restaurantes e similares,85000.0,16500.0,0.0,0.0,0,0.0,0.0,$,0.0,3750.0,1.0,0.0,1,1,0
5975656431789,CE,FORTALEZA,Pizza & Massas,206-2 - Sociedade Empresária Limitada,Fonte 5,56.11-2-01,Restaurantes e similares,1750.0,6500.0,0.0,0.0,0,0.0,1750.0,$$$,0.0,3750.0,1.0,0.0,1,1,0
5976456233133,CE,FORTALEZA,Padaria,206-2 - Sociedade Empresária Limitada,Fonte 1,10.91-1-01,Fabricação de produtos de panificação industrial,9000.0,16500.0,0.0,0.0,0,0.0,0.0,0,0.0,0.0,0.0,0.0,0,0,0
5976595300525,PE,RECIFE,Bar,206-2 - Sociedade Empresária Limitada,Fonte 5,56.11-2-03,"Lanchonetes, casas de chá, de sucos e similares",9000.0,16500.0,0.0,0.0,0,0.0,40.0,$$,4.25,1750.0,1.0,0.0,1,1,0
5977049956525,PE,RECIFE,Japonês & Chinês & Asiático,206-2 - Sociedade Empresária Limitada,Fonte 5,47.29-6-99,Comércio varejista de produtos alimentícios em geral ou especializado em produtos alimentícios não especificados anteriormente,9000.0,6500.0,2.0,0.0,0,0.0,0.0,0,0.0,0.0,0.0,0.0,0,0,0
5977527484589,CE,HORIZONTE,Lanches & Salgados,206-2 - Sociedade Empresária Limitada,Fonte 5,10.99-6-99,Fabricação de outros produtos alimentícios não especificados anteriormente,40000.0,16500.0,0.0,0.0,0,0.0,0.0,0,0.0,0.0,0.0,0.0,0,0,0
5977692274861,CE,EUSEBIO,Cozinha Industrial,206-2 - Sociedade Empresária Limitada,Fonte 5,10.91-1-01,Fabricação de produtos de panificação industrial,85000.0,6500.0,0.0,0.0,0,0.0,0.0,0,0.0,0.0,0.0,0.0,0,0,0
5980479389869,PE,JABOATAO DOS GUARARAPES,Doces & Confeitaria,213-5 - Empresário (Individual),Fonte 5,10.91-1-02,Fabricação de produtos de padaria e confeitaria com predominância de produção própria,60000.0,6500.0,0.0,0.0,0,0.0,0.0,0,0.0,0.0,0.0,0.0,0,0,0
5980962455725,PE,CABO DE SANTO AGOSTINHO,Atacarejo & Supermercado,206-2 - Sociedade Empresária Limitada,Fonte 5,47.11-3-02,"Comércio varejista de mercadorias em geral, com predominância de produtos alimentícios - supermercados",1750.0,6500.0,0.0,0.0,0,0.0,0.0,0,0.0,0.0,0.0,1.0,0,0,0
5980997517485,PE,CARPINA,Mercearia & Mercado,213-5 - Empresário (Individual),Fonte 5,47.12-1-00,"Comércio varejista de mercadorias em geral, com predominância de produtos alimentícios - minimercados, mercearias e armazéns",600000.0,6500.0,2.0,0.0,0,0.0,0.0,0,0.0,0.0,0.0,0.0,0,0,0
5981825106093,PE,CARPINA,Mercearia & Mercado,213-5 - Empresário (Individual),Fonte 5,47.12-1-00,"Comércio varejista de mercadorias em geral, com predominância de produtos alimentícios - minimercados, mercearias e armazéns",4000.0,6500.0,0.0,0.0,0,0.0,0.0,0,0.0,0.0,0.0,0.0,0,0,0
5981912498349,CE,BEBERIBE,Hotel,206-2 - Sociedade Empresária Limitada,Fonte 5,55.10-8-01,Hotéis,150000.0,6500.0,0.0,0.0,0,0.0,0.0,0,0.0,0.0,0.0,0.0,0,0,0
5981987307693,CE,FORTALEZA,Pizza & Massas,206-2 - Sociedade Empresária Limitada,Fonte 5,56.11-2-01,Restaurantes e similares,4000.0,6500.0,0.0,0.0,0,1.0,40.0,$$$,0.0,7500.0,1.0,0.0,1,1,0
5982045339821,CE,FORTALEZA,Hotel,206-2 - Sociedade Empresária Limitada,Fonte 5,55.10-8-01,Hotéis,5500000.0,16500.0,2.0,0.0,Saúde,0.0,0.0,0,0.0,15.0,1.0,0.0,1,0,1
5982068408493,CE,FORTALEZA,Restaurante Brasileiro,206-2 - Sociedade Empresária Limitada,Fonte 5,56.11-2-01,Restaurantes e similares,9000.0,6500.0,14.0,0.0,Comunicação,0.0,2.5,$$$,0.0,15000.0,1.0,0.0,1,1,1
5982116348077,PE,JABOATAO DOS GUARARAPES,Hotel,213-5 - Empresário (Individual),Fonte 5,96.09-2-99,Outras atividades de serviços pessoais não especificadas anteriormente,17500.0,6500.0,0.0,0.0,0,1.0,0.0,0,0.0,0.0,0.0,1.0,0,0,0
5982912446637,CE,FORTALEZA,Hotel,206-2 - Sociedade Empresária Limitada,Fonte 5,55.10-8-01,Hotéis,9000.0,6500.0,0.0,4.0,0,1.0,0.0,0,0.0,1750.0,1.0,0.0,1,0,0
5982930043053,CE,FORTALEZA,Hotel,206-2 - Sociedade Empresária Limitada,Fonte 5,55.10-8-01,Hotéis,600000.0,16500.0,6.0,0.0,0,1.0,0.0,0,0.0,3750.0,1.0,0.0,1,0,0
5983037063341,CE,FORTALEZA,Hotel,206-2 - Sociedade Empresária Limitada,Fonte 5,55.10-8-01,Hotéis,60000.0,16500.0,2.0,0.0,Alimentos e Bebidas,0.0,0.0,0,0.0,1750.0,1.0,0.0,1,0,1
5983064719533,PE,RECIFE,Restaurante Brasileiro,213-5 - Empresário (Individual),Fonte 5,56.20-1-01,Fornecimento de alimentos preparados preponderantemente para empresas,9000.0,16500.0,10.0,0.0,Bancos e Financeiro,1.0,0.0,0,3.5,250.0,1.0,0.0,1,0,1
5983936905389,PE,OLINDA,Mercearia & Mercado,213-5 - Empresário (Individual),Fonte 5,47.12-1-00,"Comércio varejista de mercadorias em geral, com predominância de produtos alimentícios - minimercados, mercearias e armazéns",9000.0,6500.0,0.0,0.0,0,0.0,0.0,0,0.0,0.0,0.0,0.0,0,0,0
5984178241709,PE,PAULISTA,Padaria,213-5 - Empresário (Individual),Fonte 5,10.91-1-02,Fabricação de produtos de padaria e confeitaria com predominância de produção própria,9000.0,6500.0,3.0,1.0,"Alimentos e Bebidas, Alimentos e Bebidas, Financeiro",1.0,0.0,0,3.5,2.5,1.0,0.0,1,0,1
5984202588333,PE,JABOATAO DOS GUARARAPES,Restaurante Brasileiro,206-2 - Sociedade Empresária Limitada,Fonte 5,47.81-4-00,Comércio varejista de artigos do vestuário e acessórios,150000.0,6500.0,0.0,2.0,0,1.0,0.0,0,0.0,0.0,0.0,1.0,0,0,0
5987953410221,PE,RECIFE,Padaria,206-2 - Sociedade Empresária Limitada,Fonte 5,10.91-1-02,Fabricação de produtos de padaria e confeitaria com predominância de produção própria,150000.0,6500.0,0.0,0.0,0,0.0,75.0,$,4.25,400.0,1.0,0.0,1,1,0
5988308943021,PE,RECIFE,Restaurante Brasileiro,206-2 - Sociedade Empresária Limitada,Fonte 5,56.11-2-03,"Lanchonetes, casas de chá, de sucos e similares",85000.0,16500.0,2.0,0.0,0,1.0,25.0,$$$$$,4.25,625.0,1.0,0.0,1,1,0
5989091049645,CE,FORTALEZA,Padaria,206-2 - Sociedade Empresária Limitada,Fonte 5,10.91-1-02,Fabricação de produtos de padaria e confeitaria com predominância de produção própria,17500.0,16500.0,0.0,0.0,0,0.0,2.5,$,0.0,0.0,0.0,0.0,0,1,0
5989312725165,CE,FORTALEZA,Padaria,206-2 - Sociedade Empresária Limitada,Fonte 5,10.91-1-02,Fabricação de produtos de padaria e confeitaria com predominância de produção própria,40000.0,16500.0,0.0,0.0,0,1.0,0.0,$,0.0,0.0,0.0,0.0,0,1,0
5989374099629,CE,FORTALEZA,Padaria,206-2 - Sociedade Empresária Limitada,Fonte 5,47.21-1-02,Padaria e confeitaria com predominância de revenda,85000.0,6500.0,16.0,0.0,Tecnologia,0.0,2.5,$,0.0,1750.0,1.0,0.0,1,1,1
5989393596589,CE,MARACANAU,Padaria,206-2 - Sociedade Empresária Limitada,Fonte 1,10.91-1-02,Fabricação de produtos de padaria e confeitaria com predominância de produção própria,600000.0,6500.0,0.0,0.0,0,0.0,0.0,0,0.0,0.0,0.0,0.0,0,0,0
5989399920813,CE,FORTALEZA,Padaria,206-2 - Sociedade Empresária Limitada,Fonte 1,47.12-1-00,"Comércio varejista de mercadorias em geral, com predominância de produtos alimentícios - minimercados, mercearias e armazéns",40000.0,16500.0,0.0,0.0,0,0.0,0.0,0,3.5,250.0,1.0,0.0,1,0,0
5989486493869,CE,FORTALEZA,Padaria,206-2 - Sociedade Empresária Limitada,Fonte 1,10.91-1-02,Fabricação de produtos de padaria e confeitaria com predominância de produção própria,600000.0,16500.0,0.0,0.0,0,0.0,350.0,$$$$,0.0,0.0,0.0,1.0,0,1,0
5989494980781,CE,FORTALEZA,Padaria,206-2 - Sociedade Empresária Limitada,Fonte 1,10.91-1-02,Fabricação de produtos de padaria e confeitaria com predominância de produção própria,60000.0,16500.0,0.0,0.0,0,0.0,0.0,0,0.0,0.0,0.0,0.0,0,0,0
5989568774317,CE,FORTALEZA,Pizza & Massas,206-2 - Sociedade Empresária Limitada,Fonte 5,10.91-1-01,Fabricação de produtos de panificação industrial,25000.0,16500.0,0.0,0.0,0,0.0,0.0,0,0.0,0.0,0.0,0.0,0,0,0
5989577556141,PE,RECIFE,Padaria,213-5 - Empresário (Individual),Fonte 5,47.21-1-02,Padaria e confeitaria com predominância de revenda,17500.0,16500.0,0.0,0.0,0,0.0,0.0,0,0.0,0.0,0.0,0.0,0,0,0
5989643485357,PE,CABO DE SANTO AGOSTINHO,Mercearia & Mercado,213-5 - Empresário (Individual),Fonte 5,47.12-1-00,"Comércio varejista de mercadorias em geral, com predominância de produtos alimentícios - minimercados, mercearias e armazéns",9000.0,6500.0,0.0,0.0,0,0.0,0.0,0,3.5,15.0,1.0,1.0,1,0,0
5990274793645,PE,LIMOEIRO,Bar,213-5 - Empresário (Individual),Fonte 5,56.11-2-01,Restaurantes e similares,60000.0,6500.0,0.0,0.0,0,0.0,0.0,0,0.0,0.0,0.0,0.0,0,0,0
5990325452973,PE,JABOATAO DOS GUARARAPES,Padaria,213-5 - Empresário (Individual),Fonte 5,10.91-1-02,Fabricação de produtos de padaria e confeitaria com predominância de produção própria,25000.0,6500.0,0.0,1.0,0,1.0,0.0,0,4.25,15.0,1.0,0.0,1,0,0
5990327517357,PE,IPOJUCA,Hotel,230-5 - Empresa Individual de Responsabilidade Limitada (de Natureza Empresária),Fonte 5,55.90-6-99,Outros alojamentos não especificados anteriormente,85000.0,6500.0,0.0,0.0,0,0.0,0.0,0,0.0,0.0,0.0,0.0,0,0,0
5990548537517,PE,CARUARU,Padaria,206-2 - Sociedade Empresária Limitada,Fonte 5,10.91-1-02,Fabricação de produtos de padaria e confeitaria com predominância de produção própria,150000.0,6500.0,2.0,0.0,0,0.0,0.0,0,4.75,1750.0,1.0,0.0,1,0,0
5990629965997,CE,FORTALEZA,Padaria,206-2 - Sociedade Empresária Limitada,Fonte 5,10.91-1-01,Fabricação de produtos de panificação industrial,40000.0,16500.0,0.0,0.0,0,0.0,0.0,0,0.0,3750.0,1.0,0.0,1,0,0
5990675284141,PE,RECIFE,Padaria,206-2 - Sociedade Empresária Limitada,Fonte 5,47.21-1-02,Padaria e confeitaria com predominância de revenda,25000.0,16500.0,36.0,1.0,"Alimentos e Bebidas, Alimentos e Bebidas, Alimentos e Bebidas",0.0,0.0,0,0.0,0.0,0.0,0.0,0,0,1
5992423719085,PE,RECIFE,Doces & Confeitaria,213-5 - Empresário (Individual),Fonte 5,47.12-1-00,"Comércio varejista de mercadorias em geral, com predominância de produtos alimentícios - minimercados, mercearias e armazéns",17500.0,6500.0,1.0,0.0,Telecomunicações,0.0,0.0,0,0.0,0.0,0.0,0.0,0,0,1
5995751571629,PE,RECIFE,Pizza & Massas,206-2 - Sociedade Empresária Limitada,Fonte 5,10.91-1-01,Fabricação de produtos de panificação industrial,150000.0,6500.0,0.0,0.0,0,1.0,0.0,0,0.0,0.0,0.0,0.0,0,0,0
5995896733869,CE,FORTALEZA,Japonês & Chinês & Asiático,206-2 - Sociedade Empresária Limitada,Fonte 5,56.11-2-01,Restaurantes e similares,9000.0,6500.0,2.0,1.0,0,0.0,15.0,$,0.0,25.0,1.0,0.0,1,1,0
5996647514285,PE,RECIFE,Doces & Confeitaria,206-2 - Sociedade Empresária Limitada,Fonte 5,10.99-6-99,Fabricação de outros produtos alimentícios não especificados anteriormente,12500.0,6500.0,0.0,1.0,0,0.0,0.0,0,0.0,0.0,0.0,0.0,0,0,0
5996888064173,PE,OLINDA,Padaria,206-2 - Sociedade Empresária Limitada,Fonte 5,10.91-1-02,Fabricação de produtos de padaria e confeitaria com predominância de produção própria,60000.0,16500.0,0.0,0.0,0,0.0,0.0,0,4.25,75.0,1.0,0.0,1,0,0
5997662011565,PE,OLINDA,Restaurante Brasileiro,206-2 - Sociedade Empresária Limitada,Fonte 5,56.11-2-01,Restaurantes e similares,17500.0,6500.0,0.0,0.0,0,0.0,350.0,$$$,4.25,625.0,1.0,0.0,1,1,0
5997707690157,PE,PAULISTA,Padaria,206-2 - Sociedade Empresária Limitada,Fonte 5,10.91-1-02,Fabricação de produtos de padaria e confeitaria com predominância de produção própria,25000.0,6500.0,0.0,3.0,0,0.0,0.0,0,4.25,25.0,1.0,0.0,1,0,0
5998572404909,CE,MARACANAU,Padaria,206-2 - Sociedade Empresária Limitada,Fonte 5,10.91-1-02,Fabricação de produtos de padaria e confeitaria com predominância de produção própria,60000.0,6500.0,0.0,0.0,0,0.0,0.0,0,0.0,0.0,0.0,0.0,0,0,0
6000332800173,CE,EUSEBIO,Padaria,230-5 - Empresa Individual de Responsabilidade Limitada (de Natureza Empresária),Fonte 5,47.21-1-02,Padaria e confeitaria com predominância de revenda,85000.0,6500.0,0.0,0.0,0,0.0,0.0,0,0.0,0.0,0.0,1.0,0,0,0
6001175298221,PE,RECIFE,Bar,206-2 - Sociedade Empresária Limitada,Fonte 5,56.11-2-01,Restaurantes e similares,17500.0,6500.0,0.0,0.0,0,1.0,0.0,0,0.0,0.0,0.0,1.0,0,0,0
6004073922733,CE,FORTALEZA,Padaria,206-2 - Sociedade Empresária Limitada,Fonte 5,10.91-1-02,Fabricação de produtos de padaria e confeitaria com predominância de produção própria,17500.0,16500.0,0.0,0.0,0,1.0,0.0,0,0.0,0.0,0.0,0.0,0,0,0
6004320895149,PE,RECIFE,Restaurante Brasileiro,213-5 - Empresário (Individual),Fonte 5,56.11-2-03,"Lanchonetes, casas de chá, de sucos e similares",2500.0,6500.0,0.0,0.0,0,0.0,0.0,0,0.0,0.0,0.0,0.0,0,0,0
6004900921517,PE,CARUARU,Padaria,206-2 - Sociedade Empresária Limitada,Fonte 5,10.91-1-02,Fabricação de produtos de padaria e confeitaria com predominância de produção própria,85000.0,6500.0,2.0,0.0,0,1.0,0.0,0,4.25,3750.0,1.0,0.0,1,0,0
6005139407021,PE,IGARASSU,Padaria,230-5 - Empresa Individual de Responsabilidade Limitada (de Natureza Empresária),Fonte 5,10.91-1-01,Fabricação de produtos de panificação industrial,60000.0,16500.0,0.0,0.0,0,0.0,0.0,0,0.0,0.0,0.0,0.0,0,0,0
6005146976429,PE,RECIFE,Pizza & Massas,230-5 - Empresa Individual de Responsabilidade Limitada (de Natureza Empresária),Fonte 1,56.11-2-01,Restaurantes e similares,85000.0,6500.0,0.0,0.0,0,0.0,0.0,$,4.25,250.0,1.0,0.0,1,1,0
6005161394349,PE,JABOATAO DOS GUARARAPES,Padaria,230-5 - Empresa Individual de Responsabilidade Limitada (de Natureza Empresária),Fonte 2,10.91-1-02,Fabricação de produtos de padaria e confeitaria com predominância de produção própria,150000.0,16500.0,0.0,1.0,0,0.0,0.0,0,0.0,0.0,0.0,0.0,0,0,0
6005341421741,CE,FORTALEZA,Restaurante Brasileiro,206-2 - Sociedade Empresária Limitada,Fonte 5,56.11-2-01,Restaurantes e similares,2500.0,6500.0,0.0,0.0,0,1.0,0.0,$,0.0,0.0,0.0,0.0,0,1,0
6006190211245,PE,CARUARU,Restaurante Brasileiro,206-2 - Sociedade Empresária Limitada,Fonte 5,56.11-2-01,Restaurantes e similares,25000.0,6500.0,0.0,0.0,0,1.0,0.0,0,0.0,0.0,0.0,0.0,0,0,0
6006210592941,PE,RECIFE,Restaurante Brasileiro,206-2 - Sociedade Empresária Limitada,Fonte 5,45.20-0-01,Serviços de manutenção e reparação mecânica de veículos automotores,150000.0,6500.0,0.0,0.0,0,0.0,0.0,0,0.0,0.0,0.0,0.0,0,0,0
6006887186605,PE,CARUARU,Padaria,206-2 - Sociedade Empresária Limitada,Fonte 4,10.91-1-02,Fabricação de produtos de padaria e confeitaria com predominância de produção própria,9000.0,6500.0,0.0,0.0,0,0.0,0.0,0,0.0,0.0,0.0,0.0,0,0,0
6006945611949,PE,PAULISTA,Mercearia & Mercado,206-2 - Sociedade Empresária Limitada,Fonte 5,47.21-1-03,Comércio varejista de laticínios e frios,60000.0,16500.0,0.0,0.0,0,1.0,0.0,0,0.0,0.0,0.0,0.0,0,0,0
6007073079469,CE,FORTALEZA,Restaurante Brasileiro,206-2 - Sociedade Empresária Limitada,Fonte 1,56.11-2-01,Restaurantes e similares,17500.0,6500.0,0.0,0.0,0,0.0,0.0,0,0.0,0.0,0.0,0.0,0,0,0
6007116071085,PE,CARUARU,Mercearia & Mercado,206-2 - Sociedade Empresária Limitada,Fonte 5,47.12-1-00,"Comércio varejista de mercadorias em geral, com predominância de produtos alimentícios - minimercados, mercearias e armazéns",4000.0,16500.0,0.0,0.0,0,1.0,0.0,0,0.0,0.0,0.0,0.0,0,0,0
